overall_mean_of_mean,overall_var_of_mean,overall_mean_of_var,overall_var_of_var
10.4665782918506,38.239854272775,2.66630218577225,3.14027526101348
